word,freq
new,471
like,396
think,390
steam,377
first,342
just,317
offers,304
made,288
working,280
play,268
years,259
wsib,244
trailer,237
world,232
demo,221
one,199
finally,189
feedback,187
time,186
making,177
will,167
looking,167
gaming,167
good,166
make,164
video,148
bundle,147
paypal,146
free,144
humble,143
rpg,142
love,142
sib,142
get,139
art,139
released,135
leftovers,133
amp,132
look,128
comments,128
buy,127
added,124
really,122
wishlist,122
indie,113
gameplay,113
got,112
animation,108
open,108
choice,108
little,107
upcoming,107
player,107
link,106
dead,105
last,104
development,99
edition,99
year,98
keys,98
system,97
inspired,96
project,95
today,94
playing,94
much,94
horror,93
character,92
feel,92
solo,91
guys,90
work,89
xbox,89
players,88
people,87
available,86
need,86
next,84
day,84
know,83
survival,81
switch,81
old,81
fun,81
series,81
talk,81
adventure,80
story,80
called,79
life,78
roguelike,78
update,78
happy,77
dark,77
casual,77
better,76
monster,76
march,76
elden,76
release,75
many,75
shooter,74
ever,74
combat,74
going,74
ring,74
thoughts,73
fps,73
puzzle,73
early,72
space,72
war,70
finished,70
design,70
see,69
multiplayer,69
truegaming,68
please,67
platformer,67
coming,67
back,67
right,67
help,66
long,66
based,66
style,65
dev,65
progress,64
trying,64
getting,64
best,63
nintendo,63
anyone,62
let,62
far,62
action,61
top,61
fanatical,61
hours,61
developing,60
full,60
animations,60
evil,60
using,59
pixel,59
fantasy,59
characters,59
cyberpunk,59
never,59
small,58
started,58
way,58
fallout,58
god,58
use,57
even,57
level,57
lot,56
gamer,56
enemy,55
wanted,55
share,55
legacy,55
real,55
remake,55
two,54
hope,53
final,53
boss,53
itâ€™s,53
enemies,52
looks,52
launch,52
bad,52
coop,51
building,50
turnbased,50
created,50
girl,50
red,49
control,48
simulator,48
show,47
give,47
testing,47
ago,47
lost,47
call,47
days,47
experience,47
something,47
different,46
screen,46
souls,46
played,46
well,45
check,45
online,45
hard,45
build,45
every,44
official,44
done,44
physics,44
effect,43
launched,43
doom,43
resident,43
playstation,43
take,42
months,42
favorite,41
roguelite,41
main,41
jam,41
engine,41
man,41
lots,41
set,41
developers,41
single,41
modern,41
find,40
team,40
past,40
another,40
others,40
else,40
big,40
without,39
access,39
makes,39
light,39
worth,39
version,39
concept,38
short,38
things,38
death,38
devs,38
aaa,38
test,37
great,37
developer,37
city,37
away,37
genre,37
announcement,37
million,37
post,36
kickstarter,36
friends,36
fighting,36
night,36
beta,36
mobile,36
everyone,36
live,36
retro,36
part,36
wip,35
mechanics,35
cute,35
week,35
arcade,35
racing,35
ultimate,35
island,35
thought,35
idea,35
mechanic,35
cool,35
water,35
title,34
battle,34
creating,34
put,34
thing,34
list,34
tower,34
etc,34
witcher,34
place,34
high,34
anything,33
person,33
excited,33
trade,33
star,33
start,33
month,33
strategy,33
proud,33
welcome,33
persona,33
gear,33
setup,33
procedural,33
worked,32
map,32
come,32
rock,32
sim,32
left,32
already,32
currently,32
pretty,32
store,32
friend,32
content,32
enjoy,32
sale,32
gamers,32
female,32
appreciated,31
later,31
turn,31
zero,31
soon,31
around,31
hell,31
complete,31
wars,31
starting,31
bit,31
exploration,31
create,31
hear,31
someone,31
voice,31
ghost,31
feels,31
wish,31
page,30
fight,30
unreal,30
sword,30
pathfinder,30
console,30
stop,30
run,30
hogwarts,30
review,30
says,30
since,29
zelda,29
releasing,29
attack,29
dream,29
almost,29
date,29
evolution,29
dlc,29
sea,29
train,29
simple,29
side,29
able,29
â€“,29
cozy,28
effects,28
showing,28
change,28
found,28
always,28
actually,28
destiny,28
android,28
creed,28
dialogue,28
loot,28
updated,27
teaser,27
scene,27
become,27
spent,27
weeks,27
super,27
announce,27
blood,27
golden,27
move,27
mafia,27
men,27
taking,27
deck,27
prototype,27
together,27
iâ€™ve,27
reveal,27
less,27
name,26
enough,26
mass,26
tiny,26
end,26
thanks,26
rogue,26
pass,26
collection,26
metro,26
recommendations,26
amazing,26
menu,25
metroidvania,25
assets,25
money,25
hello,25
took,25
tactics,25
say,25
ready,25
girls,25
diablo,25
epic,25
twitch,25
keep,25
TRUE,25
unity,25
stealth,25
controller,25
age,25
classic,25
thread,25
male,25
fishing,24
unique,24
bundles,24
code,24
summer,24
remastered,24
break,24
trilogy,24
dragon,24
recently,24
cat,24
used,24
itchio,24
improve,24
times,24
hand,24
worlds,24
mode,24
came,24
women,24
hunter,23
opinion,23
comes,23
weapon,23
adding,23
digital,23
changes,23
rain,23
valley,23
wants,23
syberia,23
planet,23
ukraine,23
suggestions,23
sales,23
fall,23
changed,23
skyrim,23
assassins,23
cry,23
fallen,23
donâ€™t,23
graphics,23
microsoft,23
dungeon,22
tell,22
rhythm,22
forest,22
future,22
hit,22
nice,22
fully,22
add,22
eternal,22
february,22
robot,22
kill,22
current,22
point,22
learn,22
card,22
kind,22
comment,22
info,22
might,22
stray,22
rpgs,22
result,22
guy,22
similar,21
factory,21
horizon,21
bunch,21
lords,21
studio,21
january,21
scarlet,21
random,21
boy,21
explore,21
fest,21
deep,21
tried,21
original,21
support,21
gta,21
cosplay,21
power,21
difficulty,21
industry,21
hate,21
completely,21
launches,21
feeling,21
details,20
music,20
decided,20
feature,20
process,20
wild,20
shadow,20
satisfactory,20
sable,20
praey,20
inside,20
bethesda,20
farming,20
ghostrunner,20
borderlands,20
choices,20
iii,20
knight,20
elements,20
environment,20
openworld,20
earth,20
paper,20
animated,20
redemption,20
metal,20
everything,20
wrong,20
sims,20
sold,20
levels,20
travel,20
important,19
interested,19
second,19
items,19
dreamscaper,19
legendary,19
plus,19
gods,19
relief,19
eternity,19
lego,19
room,19
hour,19
definitive,19
exodus,19
movies,19
gets,19
perfect,19
sharing,19
thinking,19
sometimes,19
public,19
base,19
satisfying,19
pokã©mon,19
seen,19
mario,19
survey,19
problem,19
discord,19
june,19
town,18
sound,18
developed,18
meet,18
announced,18
knights,18
earthquake,18
including,18
lists,18
cards,18
black,18
ragnarok,18
windows,18
maybe,18
speed,18
idle,18
creator,18
moment,18
dog,18
community,18
custom,18
model,18
cycle,18
tired,17
state,17
footage,17
tales,17
kingdom,17
biomutant,17
friday,17
october,17
legend,17
various,17
key,17
mind,17
question,17
meme,17
features,17
jump,17
learning,17
playable,17
google,17
relaxing,17
zombie,17
defense,17
preview,17
huge,17
needs,17
shooters,17
singleplayer,17
pokemon,17
least,17
fortnite,17
gold,17
fans,17
dynamic,17
skill,17
â€”,17
order,17
hitman,17
especially,17
west,17
probably,17
director,17
sony,17
prototyping,16
fire,16
trees,16
magic,16
reworked,16
outlines,16
village,16
built,16
optional,16
npc,16
download,16
possible,16
creature,16
road,16
job,16
three,16
mega,16
jurassic,16
mordhau,16
baba,16
deathloop,16
league,16
human,16
safe,16
monthly,16
spyro,16
stick,16
hollow,16
itch,16
journey,16
yet,16
choose,16
playtest,16
studios,16
beat,16
fast,16
focused,16
upgrade,16
consoles,16
officially,16
leave,16
sekiro,16
stardew,16
discussion,16
cut,16
mmo,16
max,16
wife,16
scary,16
role,16
duty,16
motion,16
heart,16
case,16
halo,16
service,16
damage,16
home,16
latest,16
visuals,16
heroes,15
believe,15
positive,15
comparison,15
bullet,15
tree,15
midnight,15
animal,15
gun,15
gotham,15
hellblade,15
sky,15
greedfall,15
midgard,15
tribes,15
house,15
moon,15
recent,15
detail,15
minecraft,15
within,15
strange,15
titles,15
alpha,15
squad,15
nearly,15
color,15
asset,15
ball,15
posts,15
shadows,15
soulslike,15
management,15
simulation,15
die,15
craft,15
ios,15
quest,15
spiderman,15
visual,15
hereâ€™s,15
quests,15
nothing,15
low,15
biggest,15
spoilers,15
bosses,15
walking,15
releases,15
builder,15
movement,15
family,15
chill,14
interesting,14
lose,14
scifi,14
environments,14
setting,14
birthday,14
isometric,14
seeing,14
bug,14
generated,14
party,14
april,14
systems,14
dawn,14
older,14
son,14
gems,14
enhanced,14
five,14
deluxe,14
season,14
demon,14
december,14
xcom,14
infinite,14
escape,14
vegas,14
yes,14
behind,14
value,14
turned,14
sandbox,14
basic,14
climbing,14
cutscene,14
quality,14
rts,14
research,14
portal,14
takes,14
fan,14
royal,14
spring,14
recommend,14
rdr,14
solid,14
area,14
objects,14
boring,14
weekend,14
figure,14
blizzard,14
company,14
activision,14
learned,14
fog,14
tool,14
square,14
lack,14
health,14
difference,14
entire,14
wind,14
ign,14
gamedev,14
texture,14
box,14
baby,14
jingle,14
npcs,13
jrpg,13
ending,13
return,13
forbidden,13
wasteland,13
heavy,13
difficult,13
ðÿ˜‚,13
thank,13
stream,13
adventures,13
procedurally,13
master,13
minutes,13
regarding,13
hidden,13
slay,13
spire,13
euro,13
river,13
tã¼rkiyesyria,13
act,13
wallet,13
killer,13
dorfromantik,13
disco,13
elysium,13
bridge,13
dlcs,13
elite,13
celeste,13
dmc,13
winter,13
quick,13
ask,13
mining,13
instead,13
favourite,13
wait,13
videogame,13
testers,13
running,13
app,13
runner,13
sense,13
links,13
save,13
immersion,13
yesterday,13
face,13
facing,13
drawing,13
shows,13
protagonist,13
view,13
videogames,13
focus,13
secrets,13
narrative,13
camera,13
mmos,13
longer,13
class,13
challenge,13
japan,13
appreciate,13
car,13
software,13
mean,13
due,13
compared,13
major,13
language,13
bayonetta,13
patch,13
devlog,13
reddit,13
venmo,13
jedi,13
submarine,12
ship,12
gave,12
punch,12
lighting,12
prefer,12
sprite,12
weapons,12
evening,12
happened,12
size,12
improved,12
tale,12
introducing,12
step,12
tycoon,12
sanctuary,12
kingmaker,12
sacrifice,12
bundled,12
november,12
pillars,12
batora,12
edge,12
nexus,12
crown,12
daylight,12
must,12
bioshock,12
beyond,12
crazy,12
seem,12
keyboard,12
fix,12
draw,12
named,12
models,12
slowly,12
dice,12
reached,12
stand,12
browser,12
skills,12
offer,12
hero,12
finish,12
whole,12
parkour,12
local,12
stuck,12
warhammer,12
computer,12
anime,12
lets,12
metroid,12
tactical,12
pvp,12
shader,12
snow,12
upgraded,12
reason,12
went,12
forever,12
ones,12
asked,12
confirms,12
copies,12
foliage,12
gift,12
featuring,11
four,11
group,11
develop,11
fighter,11
firstperson,11
tutorial,11
gen,11
managed,11
bird,11
pixelart,11
web,11
nervous,11
driving,11
puzzles,11
close,11
survive,11
galaxy,11
truck,11
kart,11
okay,11
